{"SURVIVAL":{"armorContents":{},"enderChestContents":{},"inventoryContents":{"0":{"==":"org.bukkit.inventory.ItemStack","v":3700,"type":"WHITE_WOOL"},"1":{"==":"org.bukkit.inventory.ItemStack","v":3700,"type":"MUTTON","amount":2},"7":{"==":"org.bukkit.inventory.ItemStack","v":3700,"type":"POLISHED_ANDESITE"}},"offHandItem":{"==":"org.bukkit.inventory.ItemStack","v":3700,"type":"AIR","amount":0},"potions":[],"stats":{"ex":"0.53000045","ma":"300","fl":"16","el":"0","xp":"0.42857143","hp":"18.833332061767578","txp":"3","fd":"0.0","ft":"-20","sa":"0.0","ra":"300"}}}