{"SURVIVAL":{"armorContents":{},"enderChestContents":{},"inventoryContents":{"0":{"==":"org.bukkit.inventory.ItemStack","v":3700,"type":"CHEST","meta":{"==":"ItemMeta","meta-type":"TILE_ENTITY","display-name":"{\"text\":\"\",\"extra\":[{\"text\":\"Kit Selector \",\"obfuscated\":false,\"italic\":false,\"underlined\":false,\"strikethrough\":false,\"color\":\"green\",\"bold\":false},{\"text\":\"(Right Click)\",\"italic\":false,\"color\":\"gray\"}]}","blockMaterial":"CHEST"}},"1":{"==":"org.bukkit.inventory.ItemStack","v":3700,"type":"OAK_SIGN","amount":2},"8":{"==":"org.bukkit.inventory.ItemStack","v":3700,"type":"CLOCK","meta":{"==":"ItemMeta","meta-type":"UNSPECIFIC","display-name":"{\"text\":\"\",\"extra\":[{\"text\":\"Return to Hub \",\"obfuscated\":false,\"italic\":false,\"underlined\":false,\"strikethrough\":false,\"color\":\"green\",\"bold\":false},{\"text\":\"(Right Click)\",\"italic\":false,\"color\":\"gray\"}]}"}}},"offHandItem":{"==":"org.bukkit.inventory.ItemStack","v":3700,"type":"AIR","amount":0},"potions":[],"stats":{"ex":"0.0","ma":"300","fl":"20","el":"0","xp":"0.0","hp":"20.0","txp":"0","fd":"0.0","ft":"-20","sa":"10.0","ra":"300"}}}