{"0":{"nick":"arnadas","lvl":17,"invated":[],"breaks":6},"1":{"nick":"suman1st","lvl":5,"invated":[],"breaks":13},"2":{"nick":".ADII34","lvl":0,"invated":[],"breaks":0},"3":{"nick":"Haider","lvl":0,"invated":[],"breaks":0},"4":{"nick":"im_a_op_9t9_","lvl":1,"invated":[],"breaks":0},"5":{"nick":"Mohan","lvl":0,"invated":[],"breaks":13},"6":{"nick":".YASHPacharane","lvl":0,"invated":[],"breaks":10},"7":{"nick":".ARPLAYZ9375","lvl":0,"invated":[],"breaks":0},"8":{"nick":"OuOYuki","lvl":2,"invated":[],"breaks":13},"id":9}